,0
1,A$A
2,A$C
3,A$G
4,A$T
5,C$A
6,C$C
7,C$G
8,C$T
9,G$A
10,G$C
11,G$G
12,G$T
13,T$A
14,T$C
15,T$G
16,T$T
17,A%A
18,A%C
19,A%G
20,A%T
21,C%A
22,C%C
23,C%G
24,C%T
25,G%A
26,G%C
27,G%G
28,G%T
29,T%A
30,T%C
31,T%G
32,T%T
33,A^A
34,A^C
35,A^G
36,A^T
37,C^A
38,C^C
39,C^G
40,C^T
41,G^A
42,G^C
43,G^G
44,G^T
45,T^A
46,T^C
47,T^G
48,T^T
49,A:A
50,A:C
51,A:G
52,A:T
53,C:A
54,C:C
55,C:G
56,C:T
57,G:A
58,G:C
59,G:G
60,G:T
61,T:A
62,T:C
63,T:G
64,T:T
65,A;A
66,A;C
67,A;G
68,A;T
69,C;A
70,C;C
71,C;G
72,C;T
73,G;A
74,G;C
75,G;G
76,G;T
77,T;A
78,T;C
79,T;G
80,T;T
81,A?A
82,A?C
83,A?G
84,A?T
85,C?A
86,C?C
87,C?G
88,C?T
89,G?A
90,G?C
91,G?G
92,G?T
93,T?A
94,T?C
95,T?G
96,T?T
