,0,1
1,A$A,A[C>A]A
2,A$C,A[C>A]C
3,A$G,A[C>A]G
4,A$T,A[C>A]T
5,C$A,C[C>A]A
6,C$C,C[C>A]C
7,C$G,C[C>A]G
8,C$T,C[C>A]T
9,G$A,G[C>A]A
10,G$C,G[C>A]C
11,G$G,G[C>A]G
12,G$T,G[C>A]T
13,T$A,T[C>A]A
14,T$C,T[C>A]C
15,T$G,T[C>A]G
16,T$T,T[C>A]T
17,A%A,A[C>G]A
18,A%C,A[C>G]C
19,A%G,A[C>G]G
20,A%T,A[C>G]T
21,C%A,C[C>G]A
22,C%C,C[C>G]C
23,C%G,C[C>G]G
24,C%T,C[C>G]T
25,G%A,G[C>G]A
26,G%C,G[C>G]C
27,G%G,G[C>G]G
28,G%T,G[C>G]T
29,T%A,T[C>G]A
30,T%C,T[C>G]C
31,T%G,T[C>G]G
32,T%T,T[C>G]T
33,A^A,A[C>T]A
34,A^C,A[C>T]C
35,A^G,A[C>T]G
36,A^T,A[C>T]T
37,C^A,C[C>T]A
38,C^C,C[C>T]C
39,C^G,C[C>T]G
40,C^T,C[C>T]T
41,G^A,G[C>T]A
42,G^C,G[C>T]C
43,G^G,G[C>T]G
44,G^T,G[C>T]T
45,T^A,T[C>T]A
46,T^C,T[C>T]C
47,T^G,T[C>T]G
48,T^T,T[C>T]T
49,A:A,A[T>A]A
50,A:C,A[T>A]C
51,A:G,A[T>A]G
52,A:T,A[T>A]T
53,C:A,C[T>A]A
54,C:C,C[T>A]C
55,C:G,C[T>A]G
56,C:T,C[T>A]T
57,G:A,G[T>A]A
58,G:C,G[T>A]C
59,G:G,G[T>A]G
60,G:T,G[T>A]T
61,T:A,T[T>A]A
62,T:C,T[T>A]C
63,T:G,T[T>A]G
64,T:T,T[T>A]T
65,A;A,A[T>C]A
66,A;C,A[T>C]C
67,A;G,A[T>C]G
68,A;T,A[T>C]T
69,C;A,C[T>C]A
70,C;C,C[T>C]C
71,C;G,C[T>C]G
72,C;T,C[T>C]T
73,G;A,G[T>C]A
74,G;C,G[T>C]C
75,G;G,G[T>C]G
76,G;T,G[T>C]T
77,T;A,T[T>C]A
78,T;C,T[T>C]C
79,T;G,T[T>C]G
80,T;T,T[T>C]T
81,A?A,A[T>G]A
82,A?C,A[T>G]C
83,A?G,A[T>G]G
84,A?T,A[T>G]T
85,C?A,C[T>G]A
86,C?C,C[T>G]C
87,C?G,C[T>G]G
88,C?T,C[T>G]T
89,G?A,G[T>G]A
90,G?C,G[T>G]C
91,G?G,G[T>G]G
92,G?T,G[T>G]T
93,T?A,T[T>G]A
94,T?C,T[T>G]C
95,T?G,T[T>G]G
96,T?T,T[T>G]T
